"","site","unit_id","department"
"1",2,1,2
"2",2,4,6
"3",2,5,7
"4",2,9,436
"5",2,3,5
"6",2,7,9
"7",2,2,3
"8",2,8,428
"9",2,6,8
"10",4,10,2
"11",5,11,2
"12",6,12,2
"13",7,13,2
"14",7,14,51
"15",8,15,2
"16",8,16,75
"17",11,17,2
"18",14,18,23
"19",14,19,24
"20",15,20,22
"21",16,21,21
"22",17,22,21
"23",18,23,21
"24",19,24,21
"25",19,25,22
"26",20,27,22
"27",20,28,23
"28",20,26,21
"29",21,29,21
"30",22,30,21
"31",23,32,22
"32",23,31,21
"33",24,35,22
"34",24,34,21
"35",25,37,22
"36",25,36,21
"37",26,38,21
"38",27,39,22
"39",28,40,21
"40",29,42,23
"41",29,43,180
"42",29,41,22
"43",30,44,21
"44",31,45,21
"45",32,46,23
"46",33,47,21
"47",34,48,23
"48",35,49,23
"49",36,50,22
"50",37,52,24
"51",37,51,23
"52",38,54,28
"53",38,53,24
"54",39,55,24
"55",40,56,23
"56",41,57,25
