,Site_ID,Division_ID,incentive,key,unit_id
0,7,2,4/8/13,207,13
1,7,51,4/8/13,5107,14
2,17,21,10/1/12,2117,22
3,25,21,3/1/13,2125,36
4,24,21,2/1/13,2124,34
5,24,22,2/1/13,2224,35
6,18,21,2/11/13,2118,23
7,11,2,9/1/12,211,17
8,34,23,12/1/12,2334,48
9,20,21,2/20/13,2120,26
10,20,22,2/20/13,2220,27
11,20,23,2/20/13,2320,28
12,2,2,5/1/12,202,1
13,2,428,5/1/12,42802,8
14,2,3,5/1/12,302,2
15,2,5,5/1/12,502,3
16,2,9,5/1/12,902,7
17,2,6,5/1/12,602,4
18,2,7,5/1/12,702,5
19,2,8,5/1/12,802,6
20,8,2,11/1/11,208,15
21,39,24,12/1/12,2439,55
22,29,23,1/1/13,2329,42
23,29,22,1/1/13,2229,41
24,29,180,1/1/13,18029,43
